{
  "distance_stats": {
    "monthly_aggregation.cross_attention_head0": {
      "mean": 190.4310315140655,
      "std": 101.00085196527999,
      "median": 190.7519422909245
    },
    "monthly_aggregation.cross_attention_head1": {
      "mean": 190.38868706765584,
      "std": 100.88884507567823,
      "median": 190.81200315151364
    },
    "monthly_aggregation.cross_attention_head2": {
      "mean": 190.47248291693006,
      "std": 100.94397487785486,
      "median": 190.79605699144304
    },
    "monthly_aggregation.cross_attention_head3": {
      "mean": 190.43245066850602,
      "std": 101.00420318860623,
      "median": 190.74216979090124
    },
    "monthly_encoder.source_encoders.sentinel.encoder_layers.0.self_attn_head0": {
      "mean": 3.8244706885206203,
      "std": 0.9341476256477839,
      "median": 3.519397594034672
    },
    "monthly_encoder.source_encoders.sentinel.encoder_layers.0.self_attn_head1": {
      "mean": 4.060707652736455,
      "std": 0.839638158453211,
      "median": 3.7134791426360607
    },
    "monthly_encoder.source_encoders.sentinel.encoder_layers.0.self_attn_head2": {
      "mean": 4.0562593283411115,
      "std": 0.7732245545473823,
      "median": 3.8381254114210606
    },
    "monthly_encoder.source_encoders.sentinel.encoder_layers.0.self_attn_head3": {
      "mean": 3.9478625277336685,
      "std": 0.9433436789132678,
      "median": 3.645271208137274
    },
    "monthly_encoder.source_encoders.sentinel.encoder_layers.1.self_attn_head0": {
      "mean": 3.9516808739552896,
      "std": 0.978932318111525,
      "median": 3.4292095750570297
    },
    "monthly_encoder.source_encoders.sentinel.encoder_layers.1.self_attn_head1": {
      "mean": 3.8935677934065462,
      "std": 0.9019520818628018,
      "median": 3.5862007588148117
    },
    "monthly_encoder.source_encoders.sentinel.encoder_layers.1.self_attn_head2": {
      "mean": 4.047156286376218,
      "std": 0.8926376215927332,
      "median": 3.6907622888684273
    },
    "monthly_encoder.source_encoders.sentinel.encoder_layers.1.self_attn_head3": {
      "mean": 4.055680550302689,
      "std": 1.011212422332298,
      "median": 3.7059658020734787
    },
    "monthly_encoder.source_encoders.hdx_conflict.encoder_layers.0.self_attn_head0": {
      "mean": 4.031285443818197,
      "std": 1.0036324807499861,
      "median": 3.912955842912197
    },
    "monthly_encoder.source_encoders.hdx_conflict.encoder_layers.0.self_attn_head1": {
      "mean": 3.784830970413362,
      "std": 1.0138043558503573,
      "median": 3.595230456441641
    },
    "monthly_encoder.source_encoders.hdx_conflict.encoder_layers.0.self_attn_head2": {
      "mean": 3.8023028721815595,
      "std": 0.9750134476075095,
      "median": 3.5389449633657932
    },
    "monthly_encoder.source_encoders.hdx_conflict.encoder_layers.0.self_attn_head3": {
      "mean": 4.124080890640617,
      "std": 1.1525427984749284,
      "median": 3.7789328545331955
    },
    "monthly_encoder.source_encoders.hdx_conflict.encoder_layers.1.self_attn_head0": {
      "mean": 4.176289786879594,
      "std": 0.8209235321253877,
      "median": 4.012938864529133
    },
    "monthly_encoder.source_encoders.hdx_conflict.encoder_layers.1.self_attn_head1": {
      "mean": 3.918512801323086,
      "std": 1.059699528841492,
      "median": 3.6603947039693594
    },
    "monthly_encoder.source_encoders.hdx_conflict.encoder_layers.1.self_attn_head2": {
      "mean": 3.8465708111754306,
      "std": 0.7898762330521244,
      "median": 3.6175558418035507
    },
    "monthly_encoder.source_encoders.hdx_conflict.encoder_layers.1.self_attn_head3": {
      "mean": 4.200087301007782,
      "std": 0.6973713706872612,
      "median": 3.9894116008654237
    },
    "monthly_encoder.source_encoders.hdx_food.encoder_layers.0.self_attn_head0": {
      "mean": 3.9527704451295236,
      "std": 1.1189266407326444,
      "median": 3.705859187990427
    },
    "monthly_encoder.source_encoders.hdx_food.encoder_layers.0.self_attn_head1": {
      "mean": 4.074264697693288,
      "std": 0.8891201321228253,
      "median": 3.911183036863804
    },
    "monthly_encoder.source_encoders.hdx_food.encoder_layers.0.self_attn_head2": {
      "mean": 4.166074234815315,
      "std": 0.8185047039107232,
      "median": 4.03685525432229
    },
    "monthly_encoder.source_encoders.hdx_food.encoder_layers.0.self_attn_head3": {
      "mean": 3.692591984566922,
      "std": 0.8739053637331432,
      "median": 3.4625353068113327
    },
    "monthly_encoder.source_encoders.hdx_food.encoder_layers.1.self_attn_head0": {
      "mean": 3.932746554973225,
      "std": 0.8531105306677632,
      "median": 3.7546966448426247
    },
    "monthly_encoder.source_encoders.hdx_food.encoder_layers.1.self_attn_head1": {
      "mean": 3.9809507172740997,
      "std": 0.8900275556113971,
      "median": 3.6928823478519917
    },
    "monthly_encoder.source_encoders.hdx_food.encoder_layers.1.self_attn_head2": {
      "mean": 4.173846401730552,
      "std": 1.0779887189034836,
      "median": 3.8911507464945316
    },
    "monthly_encoder.source_encoders.hdx_food.encoder_layers.1.self_attn_head3": {
      "mean": 4.03617442829224,
      "std": 0.956481709627142,
      "median": 3.808917563408613
    },
    "monthly_encoder.source_encoders.hdx_rainfall.encoder_layers.0.self_attn_head0": {
      "mean": 3.6457426083212097,
      "std": 1.0741281005970125,
      "median": 3.4981412664055824
    },
    "monthly_encoder.source_encoders.hdx_rainfall.encoder_layers.0.self_attn_head1": {
      "mean": 3.99216499949495,
      "std": 0.8228681322572021,
      "median": 3.770064190030098
    },
    "monthly_encoder.source_encoders.hdx_rainfall.encoder_layers.0.self_attn_head2": {
      "mean": 4.058683610428124,
      "std": 0.9193405396644175,
      "median": 3.8585293237119913
    },
    "monthly_encoder.source_encoders.hdx_rainfall.encoder_layers.0.self_attn_head3": {
      "mean": 4.079636051508908,
      "std": 0.8125769634872674,
      "median": 3.8971895277500153
    },
    "monthly_encoder.source_encoders.hdx_rainfall.encoder_layers.1.self_attn_head0": {
      "mean": 3.942582172860081,
      "std": 0.946685687754241,
      "median": 3.6131350602954626
    },
    "monthly_encoder.source_encoders.hdx_rainfall.encoder_layers.1.self_attn_head1": {
      "mean": 3.9284559463119755,
      "std": 0.7800326197759285,
      "median": 3.6694209426641464
    },
    "monthly_encoder.source_encoders.hdx_rainfall.encoder_layers.1.self_attn_head2": {
      "mean": 3.9634663460589947,
      "std": 0.933186591886913,
      "median": 3.7220739275217056
    },
    "monthly_encoder.source_encoders.hdx_rainfall.encoder_layers.1.self_attn_head3": {
      "mean": 3.9498736891212562,
      "std": 0.9686895983801628,
      "median": 3.7610326036810875
    },
    "monthly_encoder.source_encoders.iom.encoder_layers.0.self_attn_head0": {
      "mean": 3.949928186095009,
      "std": 0.8270537182847177,
      "median": 3.712441235780716
    },
    "monthly_encoder.source_encoders.iom.encoder_layers.0.self_attn_head1": {
      "mean": 3.9501368502589562,
      "std": 0.9012620884560123,
      "median": 3.727232612669468
    },
    "monthly_encoder.source_encoders.iom.encoder_layers.0.self_attn_head2": {
      "mean": 3.902471834036211,
      "std": 0.8315064936396467,
      "median": 3.690518932417035
    },
    "monthly_encoder.source_encoders.iom.encoder_layers.0.self_attn_head3": {
      "mean": 4.018098906092345,
      "std": 1.1857963651893784,
      "median": 3.6693140622228384
    },
    "monthly_encoder.source_encoders.iom.encoder_layers.1.self_attn_head0": {
      "mean": 3.959763001042108,
      "std": 0.9228688778165316,
      "median": 3.752081733196974
    },
    "monthly_encoder.source_encoders.iom.encoder_layers.1.self_attn_head1": {
      "mean": 3.9716279519163074,
      "std": 0.8880388959503074,
      "median": 3.75645275041461
    },