{
  "train_loss": [
    0.22711120843887328,
    0.26658284962177276,
    0.28621821105480194,
    0.2813648670911789,
    0.2621545225381851
  ],
  "val_loss": [
    0.2140089968840281,
    0.23659885923067728,
    0.21568243205547333,
    0.2723482549190521,
    0.24654046694437662
  ],
  "grad_norms": [
    0.8386040091514587,
    0.7254231929779053,
    0.8229267120361328,
    0.6455122590065002,
    0.7293190360069275
  ],
  "steps": [
    5,
    10,
    15,
    20,
    25
  ]
}