,equipment_type,encoding,adf_statistic,adf_pvalue,is_stationary
0,tank,cumulative,-1.9573467461952327,0.3055823255993889,False
1,tank,delta,-6.580620528881693,7.530468876340683e-09,True
2,tank,rolling_7,-4.649358914770233,0.00010465243548876236,True
3,APC,cumulative,-0.9241970366171997,0.7798995918943199,False
4,APC,delta,-5.932822864988959,2.3585382066017372e-07,True
5,APC,rolling_7,-4.070679649686561,0.0010824346216808678,True
6,MRL,cumulative,-2.875720708089624,0.04824507256892462,True
7,MRL,delta,-10.874128661056456,1.3450977298085632e-19,True
8,MRL,rolling_7,-6.248700523237685,4.509237860920289e-08,True
