{
  "results_by_context": {
    "7": {
      "accuracy": 0.7875,
      "f1_score": 0.3177353896103896,
      "n_samples": 1200
    },
    "14": {
      "accuracy": 0.7841666666666667,
      "f1_score": 0.31840546763197775,
      "n_samples": 1200
    },
    "30": {
      "accuracy": 0.7716666666666666,
      "f1_score": 0.3192279317423659,
      "n_samples": 1200
    },
    "60": {
      "accuracy": 0.7441666666666666,
      "f1_score": 0.3185753575357536,
      "n_samples": 1200
    },
    "90": {
      "accuracy": 0.7391666666666666,
      "f1_score": 0.31816505047620286,
      "n_samples": 1200
    },
    "full": {
      "accuracy": 0.5108333333333334,
      "f1_score": 0.23570186335403728,
      "n_samples": 1200
    }
  },
  "cross_correlations": {}
}