{
  "velocity_by_phase": {
    "Attritional Warfare": {
      "mean": 0.9333240389823914,
      "std": 0.011563081294298172,
      "n_samples": 100
    }
  },
  "transition_correlation": {
    "pearson_r": -0.9434807945262376,
    "p_value": 3.5156370701316715e-24
  },
  "overall_stats": {
    "mean_velocity": 0.9333240389823914,
    "std_velocity": 0.011563081294298172,
    "n_samples": 100
  }
}