{
  "autocorrelation": {
    "geoconfirmed_raion": "[ 1.00000000e+00  8.75016391e-01  7.47500598e-01  6.23213828e-01\n  5.75590491e-01  5.75216055e-01  5.76173484e-01  5.08265972e-01\n  3.87862504e-01  2.95660466e-01  2.92538941e-01  3.44873071e-01\n  4.00182635e-01  3.97995025e-01  2.96901315e-01  1.97599113e-01\n  1.54252380e-01  1.70597851e-01  1.89835504e-01  1.81336835e-01\n  9.18061584e-02 -1.09887058e-02 -7.71861523e-02 -6.09423616e-04\n  3.97191709e-03  3.66046466e-02 -1.03663132e-02 -9.17245448e-02\n -1.36200428e-01 -8.65640044e-02  1.60361286e-02]",
    "personnel": "[1.         0.90402091 0.68512797 0.49211586 0.43536443 0.50656879\n 0.60265493 0.62507629 0.56423092 0.49520451 0.49353218 0.55982202\n 0.61680913 0.58731097 0.47441041 0.36259046 0.34178355 0.42097616\n 0.51810127 0.53262067 0.4412908  0.32395458 0.29039526 0.37825647\n 0.50896573 0.55587053 0.45085126 0.25429216 0.10825077 0.1200506\n 0.27589205]"
  },
  "periodicity": {
    "geoconfirmed_raion": {
      "periods": [
        6,
        12,
        18
      ],
      "strengths": [
        0.5761734843254089,
        0.4001826345920563,
        0.18983550369739532
      ]
    },
    "personnel": {
      "periods": [
        7,
        12,
        19,
        25
      ],
      "strengths": [
        0.6250762939453125,
        0.6168091297149658,
        0.5326206684112549,
        0.555870532989502
      ]
    }
  },
  "temporal_smoothness": {
    "geoconfirmed_raion": 1.6134085533395164,
    "personnel": 5.903266074149055
  },
  "n_batches_processed": 5
}