,tile,correlation,p_value,n_obs
0,h19v03,,,979
1,h19v04,0.0033346136756887117,0.9171348682500705,976
2,h20v03,,,980
3,h20v04,-0.005541088439865758,0.862669191663483,977
4,h21v03,,,980
5,h21v04,,,978
